[{"model": "auth.user", "fields": {"password": "pbkdf2_sha256$260000$kQ3qbQTr7DZRdEv7ROs4v3$HVy5sox7yT5J6nC1mjhmfSdXXskgFftw82VmbnaK/e0=", "last_login": "2021-09-11T11:29:41.167Z", "is_superuser": true, "username": "kritebhlaganbibhakar@gmail.com", "first_name": "Kritebh Lagan Bibhakar", "last_name": "", "email": "kritebhlaganbibhakar@gmail.com", "is_staff": true, "is_active": true, "date_joined": "2021-08-13T09:45:34Z", "groups": [], "user_permissions": []}}, {"model": "auth.user", "fields": {"password": "pbkdf2_sha256$260000$Fw7DVVWw0pjACoHPi02vj6$YxFueyIFYi+blfiQHl2qSoOpHRcT5+kbZfPNfaFf9xw=", "last_login": "2021-09-06T18:22:06.373Z", "is_superuser": true, "username": "harsh.nishant.superstar@gmail.com", "first_name": "Kumar Harsh", "last_name": "", "email": "harsh.nishant.superstar@gmail.com", "is_staff": true, "is_active": true, "date_joined": "2021-08-16T10:38:01Z", "groups": [], "user_permissions": []}}, {"model": "auth.user", "fields": {"password": "pbkdf2_sha256$260000$KRu4mvSIcDSNVZPhhXoWuh$5Gh2svyKVQ7rB0eZHvvJgY+fsMP/RVh7F/9NkhcMg6Y=", "last_login": null, "is_superuser": false, "username": "test@test.com", "first_name": "test (Updated)", "last_name": "", "email": "test@test.com", "is_staff": true, "is_active": true, "date_joined": "2021-09-03T17:33:57.081Z", "groups": [], "user_permissions": []}}, {"model": "auth.user", "fields": {"password": "pbkdf2_sha256$260000$cdFXqRnCtsYqsAaNlW4C74$C6mFQv7uEbh2UUzEopUTWTtCsxTm9UMmdN4qS1rgDn0=", "last_login": null, "is_superuser": false, "username": "john@email.com", "first_name": "john", "last_name": "", "email": "", "is_staff": false, "is_active": true, "date_joined": "2021-09-12T09:27:26.526Z", "groups": [], "user_permissions": []}}, {"model": "auth.user", "fields": {"password": "pbkdf2_sha256$260000$1dAJSDSWvOPR6e8mCt0MSX$d0MjInLO7y72tz0gbr+Dbb2aZjp6jbVfoazw6yYvvXk=", "last_login": "2024-06-15T00:37:45.244Z", "is_superuser": true, "username": "skudsi490@gmail.com", "first_name": "", "last_name": "", "email": "skudsi490@gmail.com", "is_staff": true, "is_active": true, "date_joined": "2024-06-12T22:19:25.845Z", "groups": [], "user_permissions": []}}, {"model": "sessions.session", "pk": "fpozisnfu3wio7r1cu6rnkq2jgtsn4jb", "fields": {"session_data": ".eJxVjDsOwjAQBe_iGln-e01JzxmsXX9wADlSnFSIu0OkFNC-mXkvFnFbW9xGWeKU2ZkBO_1uhOlR-g7yHftt5mnu6zIR3xV-0MGvcy7Py-H-HTQc7VsHV50AcMoLackKjShBZ5kg1WS1y56cUGCq9-RRCaUNmkLBJ6BAFtj7A74cNyE:1sIHQP:DSCnTPQIrOt8aqhEs9BDAiXJW3tYeGER92yDWzH1ryQ", "expire_date": "2024-06-29T00:37:45.251Z"}}, {"model": "sessions.session", "pk": "hu8xj2wweo5qm51zm8azyl28pfz5vmaz", "fields": {"session_data": ".eJxVjDsOwjAQBe_iGln2Jv5R0nMGy7vr4ACypTipEHeHSCmgfTPzXiKmbS1x63mJM4uzAHH63TDRI9cd8D3VW5PU6rrMKHdFHrTLa-P8vBzu30FJvXxrjT6pEYeUMwVLQYE3yEw6o-EAYC3awYRBOaAAzk1otBoVsp8Q0Xnx_gDtsTf-:1mP1CX:Y2JKWCn3U_p0z3M-2Bi8VsNp8ebPxXlEItEW_ssLDDs", "expire_date": "2021-09-25T11:29:41.173Z"}}, {"model": "sessions.session", "pk": "i9wvk2ivwkv3tq4b8gi2qpjhmgcz1zka", "fields": {"session_data": ".eJxVjDsOwjAQBe_iGln2Jv5R0nMGy7vr4ACypTipEHeHSCmgfTPzXiKmbS1x63mJM4uzAHH63TDRI9cd8D3VW5PU6rrMKHdFHrTLa-P8vBzu30FJvXxrjT6pEYeUMwVLQYE3yEw6o-EAYC3awYRBOaAAzk1otBoVsp8Q0Xnx_gDtsTf-:1mFZxM:a3ZtwHPf1MQies7UTCNw2LGxh2LU9EXW7bf4ezhkrnA", "expire_date": "2021-08-30T10:35:00.823Z"}}, {"model": "sessions.session", "pk": "kd7kde418yr2hjy74fphr0eht8mt1a7n", "fields": {"session_data": ".eJxVjDsOwjAQBe_iGln2Jv5R0nMGy7vr4ACypTipEHeHSCmgfTPzXiKmbS1x63mJM4uzAHH63TDRI9cd8D3VW5PU6rrMKHdFHrTLa-P8vBzu30FJvXxrjT6pEYeUMwVLQYE3yEw6o-EAYC3awYRBOaAAzk1otBoVsp8Q0Xnx_gDtsTf-:1mETlW:kB9KzhyQbYIOR-oIxg46-4eXJNrxkzto0CltuVkNecA", "expire_date": "2021-08-27T09:46:14.008Z"}}, {"model": "sessions.session", "pk": "oakewjyzbi5v8fyvu5ldxw0ut6dakwst", "fields": {"session_data": ".eJxVjDsOwjAQBe_iGln2Jv5R0nMGy7vr4ACypTipEHeHSCmgfTPzXiKmbS1x63mJM4uzAHH63TDRI9cd8D3VW5PU6rrMKHdFHrTLa-P8vBzu30FJvXxrjT6pEYeUMwVLQYE3yEw6o-EAYC3awYRBOaAAzk1otBoVsp8Q0Xnx_gDtsTf-:1mM8TK:KvdBKfneAaWSxMNETq1ucg0VYRgYoTFofxxnno4dUV0", "expire_date": "2021-09-17T12:39:06.499Z"}}, {"model": "sessions.session", "pk": "osuued9uwarb3e42vgry8mgov1ip0s58", "fields": {"session_data": ".eJxVjDsOwjAQBe_iGln2Jv5R0nMGy7vr4ACypTipEHeHSCmgfTPzXiKmbS1x63mJM4uzAHH63TDRI9cd8D3VW5PU6rrMKHdFHrTLa-P8vBzu30FJvXxrjT6pEYeUMwVLQYE3yEw6o-EAYC3awYRBOaAAzk1otBoVsp8Q0Xnx_gDtsTf-:1mH2RB:1O_37WnayJKHuBtIvRv3MGwHhbmg_dP8jAvTTyKVpok", "expire_date": "2021-09-03T11:11:49.290Z"}}, {"model": "sessions.session", "pk": "ozg69ir78p6pmkrvrcejnmcbso67n4yq", "fields": {"session_data": ".eJxVjEEOwiAQRe_C2hBogU5duu8ZCMMMUjWQlHZlvLtt0oVu_3v_vYUP25r91njxM4mr6MXld8MQn1wOQI9Q7lXGWtZlRnko8qRNTpX4dTvdv0AOLe9vi8r2DrQLUSFDx2z1GHkPkCIXjU2KxgTGmeRYg0lIg-bB2tCpHgHE5wv0zzg4:1mNJFu:NMckQD4g6wpWy811-o6g8mx27Q-obZmZ-IhRVZQayXU", "expire_date": "2021-09-20T18:22:06.442Z"}}, {"model": "sessions.session", "pk": "qftsxsdpa1a83ltepanwjnjjcgt70a8h", "fields": {"session_data": ".eJxVjEEOwiAQRe_C2hBogU5duu8ZCMMMUjWQlHZlvLtt0oVu_3v_vYUP25r91njxM4mr6MXld8MQn1wOQI9Q7lXGWtZlRnko8qRNTpX4dTvdv0AOLe9vi8r2DrQLUSFDx2z1GHkPkCIXjU2KxgTGmeRYg0lIg-bB2tCpHgHE5wv0zzg4:1mFxek:_kFF5ni2Dc0x4hD1ZlULLLVAJA5PXfV1ZmYX2-FFckA", "expire_date": "2021-08-31T11:53:22.793Z"}}, {"model": "sessions.session", "pk": "r9bfc9j8v3efpo6bk717gaowv333v2qy", "fields": {"session_data": ".eJxVjDsOwjAQBe_iGln2Jv5R0nMGy7vr4ACypTipEHeHSCmgfTPzXiKmbS1x63mJM4uzAHH63TDRI9cd8D3VW5PU6rrMKHdFHrTLa-P8vBzu30FJvXxrjT6pEYeUMwVLQYE3yEw6o-EAYC3awYRBOaAAzk1otBoVsp8Q0Xnx_gDtsTf-:1mMtwW:tfK--COk7ZeRsHa7GgS-0andCFXQ2Hf38nGEY34Vt_4", "expire_date": "2021-09-19T15:20:24.904Z"}}, {"model": "sessions.session", "pk": "t5vkapnt55gifeimgfyjz01626v8n8f1", "fields": {"session_data": ".eJxVjDsOwjAQBe_iGln2Jv5R0nMGy7vr4ACypTipEHeHSCmgfTPzXiKmbS1x63mJM4uzAHH63TDRI9cd8D3VW5PU6rrMKHdFHrTLa-P8vBzu30FJvXxrjT6pEYeUMwVLQYE3yEw6o-EAYC3awYRBOaAAzk1otBoVsp8Q0Xnx_gDtsTf-:1mHIgx:b_PC-Tf0J51imVzHW3bkHuoAHU7rAypLPob-lpcsgwk", "expire_date": "2021-09-04T04:33:11.741Z"}}, {"model": "base.product", "pk": 11, "fields": {"user": ["skudsi490@gmail.com"], "name": "NANSLS Bluetooth Headset", "image": "images/Nansls_hgSkXHq.jpg", "brand": "NANSLS", "category": "Mobile Phones & Communication", "description": "NANSLS headset Bluetooth phone with Bluetooth V5.3 can achieve more stable pairing and connect with devices within 10 meters (barrier-free) for a long time. Compatible with HiFi stereo music, Siri and various iOS and Android systems, you can enjoy the convenience of headphones anytime, anywhere.\r\n\r\nThe wireless headset has a built-in 100mAh large capacity battery, the maximum usage time of the hands-free Bluetooth earphone for hands-free calls is 9-10 hours, the ultra-long standby time is 6.5 days. The 400mAh charging case is compact, displays the remaining power percentage for charging, and can support 4 charges.", "rating": null, "numReviews": 0, "price": "21.00", "countInStock": 50, "createdAt": "2021-09-12T07:34:24.764Z"}}, {"model": "base.product", "pk": 12, "fields": {"user": ["kritebhlaganbibhakar@gmail.com"], "name": "Kuizil Smartwatch Men Women with Phone Function", "image": "images/Kuizil_0CQa43r.jpg", "brand": "Kuizil", "category": "Wearable Technology", "description": "1.91'' touchscreen and customizable watch face: The smartwatch 1.9\" HD touchscreen, equipped with four adjustable brightness levels, you can see the data clearly even in direct sunlight. The \"Gloryfit\" app also offers over 100 customizable watch face backgrounds to choose from or upload your favorite picture to personalize your stopwatch and show your unique style.\r\n\r\n\r\nBluetooth call and message reminder: After connecting to the phone via Bluetooth, you can receive or make calls directly from the smart watch. Use the keypad to dial and answer or end calls anytime, anywhere. This fitness watch for women also supports notifications for messages and social media (WhatsApp, Twitter, Facebook, Instagram, etc.)", "rating": null, "numReviews": 0, "price": "49.00", "countInStock": 50, "createdAt": "2021-09-12T07:37:42.364Z"}}, {"model": "base.product", "pk": 13, "fields": {"user": ["skudsi490@gmail.com"], "name": "Soundcore Boom 2 Plus outdoor speaker", "image": "images/soundcore_P2oShUz.jpg", "brand": "Soundcore", "category": "Figures", "description": "Booming bass with 140W max: Feel the bass in every song with two woofers for deep and clear tones. Thanks to BassUp 2.0, the maximum power increases from 100W to an incredible 140W - that's 160% more than the 1st generation of BassUp.\r\n\r\n2+2 stereo sound: Two 50W woofers and two 20W tweeters provide deep bass and crystal clear highs. The intelligent crossover technology perfectly matches them to create the right balance and an intense audio experience.", "rating": null, "numReviews": 0, "price": "199.00", "countInStock": 50, "createdAt": "2021-09-12T08:19:54.499Z"}}, {"model": "base.product", "pk": 14, "fields": {"user": ["kritebhlaganbibhakar@gmail.com"], "name": "INIU Magsafe Power Bank, 10000mAh 20W Magnetic External Battery", "image": "images/INIU_n2Gfn2H.jpg", "brand": "INIU", "category": "Mobile Phones & Communication", "description": "INIU Market's Thinnest 0.5-inch 10000mAh PowerPaw: Its slim and lightweight design effortlessly slips into your pocket or bag, ensuring instant on-the-go charging anywhere you need. This power bank features a USB-C port for both input and output, supporting Type-C devices' fast charging or recharging of the power bank itself. What sets it apart is its ability to charge 3 devices at once, no more carrying multiple chargers with you. The robust 10,000mAh capacity ensures uninterrupted power for all your devices throughout the day.", "rating": null, "numReviews": 0, "price": "22.00", "countInStock": 50, "createdAt": "2021-09-12T08:19:58.035Z"}}, {"model": "base.product", "pk": 15, "fields": {"user": ["skudsi490@gmail.com"], "name": "Sonos Arc Soundbar", "image": "images/sonso_ePv0HQg.jpg", "brand": "Sonos", "category": "Home Cinema, TV & Video", "description": "Home cinema sound: with the Sonos Arc Smart Sound Bar, you can set up a home cinema and enjoy truly impressive sound thanks to Dolby Atmos technology and 11 speakers that surround you with remarkable depth.\r\n\r\nCOMPACT DESIGN The compact size and slim design of the Sonos Arc TV Soundbar make it look like a decorative element, and its eleven speakers deliver a wide sound field with high-quality bass.\r\n\r\nTechnology: The Sonos Arc is equipped with 11 speakers, including 8 elliptical woofers for deep bass and balanced mids, as well as 3 tweeters for Dolby Atmos sound effects. Optimize the sound of your Sonos Arc with Trueplay and enjoy multi-dimensional, deep and nuanced sound.", "rating": null, "numReviews": 0, "price": "705.00", "countInStock": 50, "createdAt": "2021-09-12T08:20:00.900Z"}}, {"model": "base.product", "pk": 16, "fields": {"user": ["kritebhlaganbibhakar@gmail.com"], "name": "Beamer 4K Supports Full HD 1080P", "image": "images/Beamer4k_0TCjEft.jpg", "brand": "Beamer", "category": "Home Cinema, TV & Video", "description": "2.4+5G WIFI and Bluetooth 5.2 projector: 4K projector with WIFI and Bluetooth, with built-in improved speaker, you can enjoy a cinematic audio-visual experience without connecting external speakers. This portable projector also integrates Bluetooth 5.2 technology to make audio synchronization faster and more stable. With this Bluetooth projector, you can wirelessly connect your ideal Bluetooth speakers or headphones at any time to get even more wonderful sound.", "rating": null, "numReviews": 0, "price": "259.00", "countInStock": 50, "createdAt": "2021-09-12T08:20:03.283Z"}}, {"model": "base.product", "pk": 17, "fields": {"user": ["skudsi490@gmail.com"], "name": "LG OLED42C47LA TV 42 Inch", "image": "images/LGOLED_0kAKWAM.jpg", "brand": "LG", "category": "Home Cinema, TV & Video", "description": "Discover a new dimension of viewing with the LG OLED evo C4 series. The top-class picture quality combined with innovative design gives you an incomparable TV experience. Immerse yourself in vivid colors, deep blacks and breathtaking contrasts.\r\n\r\nSelf-luminous pixels\r\n\r\nThanks to the self-illuminating pixels, you can experience the deepest blacks, vivid colors and breathtaking contrasts, without any backlighting. This is because each pixel generates its own light, which enables precise control and creates an incomparable viewing experience. With the LG OLED evo C series, you can enjoy films, series and games in their true brilliance, without annoying halos and halo effects.\r\n\r\nOnly an α processor makes an OLED so lively\r\n\r\nThe α9 Gen7 4K AI processor is the heart of the new LG OLED C4 series and offers outstanding performance for image and sound processing, optimizing colors and details in a remarkable way.", "rating": null, "numReviews": 0, "price": "1698.00", "countInStock": 150, "createdAt": "2021-09-12T08:20:05.473Z"}}, {"model": "base.product", "pk": 18, "fields": {"user": ["skudsi490@gmail.com"], "name": "Samsung Galaxy Tab S9 FE Wi-Fi 10.9” 128GB Android Tablet", "image": "images/TABLET_61OjvOv.jpg", "brand": "Samsung", "category": "Tablets", "description": "Meet Galaxy Tab S9 FE Wi-Fi, a powerful tablet that makes adventure more fun. This perfect intro to tablets boasts a powerful processor, long-lasting battery and dynamic screen. You’ll have plenty of room on your 10.9\" screen*, explore your creativity with the included S Pen or enjoy your entertainment. Tab S9 FE Wi-Fi has enhanced durability** and is one of the only water- and dust-resistant tablets on the market**********. *Measured diagonally, the Galaxy Tab S9 FE screen size is 10.9\" in the full rectangle and 10.8\" accounting for the rounded corners. Actual viewable area is less due to the rounded corners. **Consistent with IP68 rating, water resistant in up to 5 feet of water for up to 30 minutes. Rinse residue / dry after wet. ***Based on local, 720p resolution video playback, default video player (full screen), 162 nit brightness, earbud volume 7, Wi-Fi and mobile network off. Results vary with settings, usage and other factors. ****Requires 45W wall charger (sold separately). Use only Samsung-approved charger and USB-C cable. To avoid injury or damage to your device, do not use incompatible, worn or damaged batteries, chargers or cables. *****Portion of storage / memory occupied by existing content. ******MicroSD card sold separately. *******Only in 16:9 FHD resolution. ********Quick Share between Galaxy devices available with the following OS: smartphones and tablets with Android OS version 10.0 (Q) and One UI 2.1 or above, PCs running Windows 10 or later. Requires Samsung account and Wi-Fi and Bluetooth connection. Quick Share to iOS and Android devices available by sending shared link: individual files shared cannot exceed 3GB (for a total of 5GB per day) and link will expire after two days; requires a Samsung account and internet connection. *********Requires a Galaxy phone to have One UI 2.5 or later. Devices must be logged in to the same Samsung account and be on the same Wi-Fi network. **********Compared to Galaxy Tab S7 FE.", "rating": null, "numReviews": 0, "price": "499.00", "countInStock": 70, "createdAt": "2021-09-12T08:20:07.755Z"}}, {"model": "base.product", "pk": 19, "fields": {"user": ["skudsi490@gmail.com"], "name": "ASUS ROG Strix G16 (2024) Gaming Laptop", "image": "images/ASUS_MpJsnfh.jpg", "brand": "ASUS", "category": "Computers", "description": "Raise your game and carry your squad with the new ROG Strix G16, a powerful gaming laptop that features Windows 11, a 13th Gen Intel Core processor, and an NVIDIA® GeForce RTX™ 40 Series Laptop GPU. With DDR5-4800MHz memory and PCIe Gen4 SSD, this laptop is designed to provide lightning-fast performance and minimize loading times. The ROG Intelligent Cooling system with upgraded liquid metal on the CPU and Tri-Fan Technology, ensures that the laptop can handle the power it can deliver. The FHD Display guarantees a premium visual experience, and the MUX Switch with Advanced Optimus optimizes both gaming performance and battery life. The laptop's design is inspired by cyberpunk aesthetics and graffiti accents, and features unique elements such as a dot matrix design on the lid and cross-hatched vents.", "rating": "0.00", "numReviews": 0, "price": "1300.00", "countInStock": 100, "createdAt": "2021-09-12T08:47:18.626Z"}}, {"model": "base.product", "pk": 20, "fields": {"user": ["skudsi490@gmail.com"], "name": "DJI Mini 4K, Drone with 4K UHD Camera", "image": "images/Drone_5ev8YiV.jpg", "brand": "DJI", "category": "Drones", "description": "DJI Mini 4K offers an incredible way to capture the world from above in 4K. Weighing less than 249 grams makes DJI Mini 4K a great companion on any outing. It's also easy to use and boasts a 31-min max flight time, a 10km (6.2137 miles) max transmission range, incredible 4K footage, and much more.", "rating": null, "numReviews": 0, "price": "1499.00", "countInStock": 50, "createdAt": "2021-09-12T08:47:23.555Z"}}, {"model": "base.product", "pk": 21, "fields": {"user": ["skudsi490@gmail.com"], "name": "PlayStation 5", "image": "images/playstation_MHQcoh9.jpg", "brand": "Sony", "category": "Gaming", "description": "(PlayStation 5) The latest Sony PlayStation introduced in November 2020. Powered by an eight-core AMD Zen 2 CPU and custom AMD Radeon GPU, the PS5 is offered in two models: with and without a 4K Blu-ray drive. Supporting a 120Hz video refresh, the PS5 is considerably more powerful than the PS4 and PS4 Pro.", "rating": null, "numReviews": 0, "price": "1499.00", "countInStock": 75, "createdAt": "2021-09-12T08:47:27.078Z"}}, {"model": "base.product", "pk": 22, "fields": {"user": ["skudsi490@gmail.com"], "name": "G PRO X Superlight Wireless Gaming Mouse", "image": "images/mouse_tKDGFZb.jpg", "brand": "Logitech", "category": "Gaming", "description": "The brand new Logitech G Pro Wireless X now comes with a new sensor and lower weight! Achieve higher performance while retaining the feel of the previous Logitech G Pro. Designed with the world's leading pros to engineer the world's best competetive gaming mouse.\r\n\r\nWith hyper-minimal redesign, Pro X is Logitech's lightest and fastest mouse ever weighing in at under 63 grams. Almost 25% lighter than it's predecessor. Also with Lightspeed, the next-gen, pro-grade wireless technology that has even more responsive connectivity. The finishing touch are the PTFE Feet that gives an incredibly smooth glide.", "rating": null, "numReviews": 0, "price": "200.00", "countInStock": 50, "createdAt": "2021-09-12T08:47:30.205Z"}}, {"model": "base.product", "pk": 23, "fields": {"user": ["skudsi490@gmail.com"], "name": "Alexa", "image": "images/alexa_StYhqHp.jpg", "brand": "Amazon", "category": "Home and Echo", "description": "Alexa is Amazon's cloud-based voice service available on more than 100 million devices from Amazon and third-party device manufacturers. With Alexa, you can build natural voice experiences that offer customers a more intuitive way to interact with the technology they use every day.", "rating": null, "numReviews": 0, "price": "300.00", "countInStock": 100, "createdAt": "2021-09-12T08:47:33.031Z"}}, {"model": "base.product", "pk": 24, "fields": {"user": ["skudsi490@gmail.com"], "name": "Canon EOS 80D", "image": "images/camera_8qexrGT.jpg", "brand": "Canon", "category": "Cameras", "description": "The Canon EOS 80D features an all-new 24.2MP APS-C CMOS sensor, 45-point all cross-type autofocus system, and the company's DIGIC 6 processor. When using live view or recording video users can take advantage of the 80D's Dual Pixel CMOS AF for fast and smooth autofocus.", "rating": null, "numReviews": 0, "price": "2499.00", "countInStock": 50, "createdAt": "2021-09-12T08:47:36.143Z"}}, {"model": "base.product", "pk": 25, "fields": {"user": ["skudsi490@gmail.com"], "name": "AirPods (2nd generation)", "image": "images/airpods_dlmZfJr.jpg", "brand": "APPLE", "category": "Accessories", "description": "With plenty of talk and listen time, voice-activated Siri access, and an available wireless charging case, AirPods deliver an incredible wireless headphone experience. Simply take them out and they're ready to use with all your devices.", "rating": null, "numReviews": 0, "price": "500.00", "countInStock": 50, "createdAt": "2021-09-12T08:47:38.540Z"}}, {"model": "base.product", "pk": 26, "fields": {"user": ["skudsi490@gmail.com"], "name": "iPhone 15 Pro", "image": "images/iPhone15Pro_zyAmYKf.jpg", "brand": "APPLE", "category": "Smartphones", "description": "iPhone 15 Pro is the first iPhone to feature an aerospace‑grade titanium design, using the same alloy that spacecraft use for missions to Mars. Titanium has one of the best strength‑to‑weight ratios of any metal, making these our lightest Pro models ever. You'll notice the difference the moment you pick one up.", "rating": null, "numReviews": 0, "price": "3599.00", "countInStock": 23, "createdAt": "2021-09-12T08:47:40.789Z"}}, {"model": "base.review", "pk": 1, "fields": {"product": null, "user": ["kritebhlaganbibhakar@gmail.com"], "name": "Kritebh Lagan Bibhakar", "rating": 3, "comment": "nice product", "createdAt": "2021-09-09T08:20:13.159Z"}}, {"model": "base.review", "pk": 2, "fields": {"product": null, "user": ["test@test.com"], "name": "test (Updated)", "rating": 3, "comment": "Good", "createdAt": "2021-09-10T09:36:28.825Z"}}, {"model": "base.review", "pk": 3, "fields": {"product": null, "user": ["kritebhlaganbibhakar@gmail.com"], "name": "Kritebh Lagan Bibhakar", "rating": 5, "comment": "", "createdAt": "2021-09-10T16:52:01.255Z"}}, {"model": "base.order", "pk": 10, "fields": {"user": ["kritebhlaganbibhakar@gmail.com"], "paymentMethod": "PayPal", "taxPrice": "1065.92", "shippingPrice": "0.00", "totalPrice": "14064.92", "isPaid": true, "paidAt": "2021-08-28T17:57:30Z", "isDeliver": true, "deliveredAt": "2021-09-08T18:30:55.143Z", "createdAt": "2021-08-28T11:49:27.118Z"}}, {"model": "base.order", "pk": 11, "fields": {"user": ["harsh.nishant.superstar@gmail.com"], "paymentMethod": "PayPal", "taxPrice": "1065.92", "shippingPrice": "0.00", "totalPrice": "14064.92", "isPaid": true, "paidAt": "2021-09-03T12:40:59Z", "isDeliver": true, "deliveredAt": "2021-09-08T18:41:07.032Z", "createdAt": "2021-09-03T04:54:32.669Z"}}, {"model": "base.order", "pk": 12, "fields": {"user": ["kritebhlaganbibhakar@gmail.com"], "paymentMethod": "PayPal", "taxPrice": "29520.00", "shippingPrice": "0.00", "totalPrice": "389520.00", "isPaid": true, "paidAt": "2021-09-05T16:39:59.281Z", "isDeliver": true, "deliveredAt": "2021-09-08T18:41:20.223Z", "createdAt": "2021-09-05T16:38:19.642Z"}}, {"model": "base.order", "pk": 13, "fields": {"user": ["harsh.nishant.superstar@gmail.com"], "paymentMethod": "PayPal", "taxPrice": "14760.00", "shippingPrice": "0.00", "totalPrice": "194760.00", "isPaid": false, "paidAt": null, "isDeliver": false, "deliveredAt": null, "createdAt": "2021-09-08T17:42:19.897Z"}}, {"model": "base.order", "pk": 14, "fields": {"user": ["kritebhlaganbibhakar@gmail.com"], "paymentMethod": "PayPal", "taxPrice": "2131.84", "shippingPrice": "0.00", "totalPrice": "28129.84", "isPaid": true, "paidAt": "2021-09-10T16:50:10.509Z", "isDeliver": true, "deliveredAt": "2021-09-10T16:50:24.716Z", "createdAt": "2021-09-10T16:48:55.422Z"}}, {"model": "base.order", "pk": 15, "fields": {"user": ["kritebhlaganbibhakar@gmail.com"], "paymentMethod": "PayPal", "taxPrice": "295.12", "shippingPrice": "0.00", "totalPrice": "3894.12", "isPaid": true, "paidAt": "2021-09-12T13:16:32.572Z", "isDeliver": false, "deliveredAt": null, "createdAt": "2021-09-12T13:15:51.404Z"}}, {"model": "base.order", "pk": 16, "fields": {"user": ["kritebhlaganbibhakar@gmail.com"], "paymentMethod": "PayPal", "taxPrice": "295.12", "shippingPrice": "0.00", "totalPrice": "3894.12", "isPaid": false, "paidAt": null, "isDeliver": false, "deliveredAt": null, "createdAt": "2021-09-12T13:21:16.614Z"}}, {"model": "base.orderitem", "pk": 1, "fields": {"product": null, "order": null, "name": "Cannon EOS 80D DSLR Camera", "qty": 5, "price": "85000.00", "image": "/images/camera.jpg"}}, {"model": "base.orderitem", "pk": 2, "fields": {"product": null, "order": null, "name": "Airpods Wireless Bluetooth Headphones", "qty": 1, "price": "12999.00", "image": "/images/airpods.jpg"}}, {"model": "base.orderitem", "pk": 3, "fields": {"product": null, "order": null, "name": "Cannon EOS 80D DSLR Camera", "qty": 5, "price": "85000.00", "image": "/images/camera.jpg"}}, {"model": "base.orderitem", "pk": 4, "fields": {"product": null, "order": null, "name": "Airpods Wireless Bluetooth Headphones", "qty": 1, "price": "12999.00", "image": "/images/airpods.jpg"}}, {"model": "base.orderitem", "pk": 5, "fields": {"product": null, "order": null, "name": "Cannon EOS 80D DSLR Camera", "qty": 5, "price": "85000.00", "image": "/images/camera.jpg"}}, {"model": "base.orderitem", "pk": 6, "fields": {"product": null, "order": null, "name": "Airpods Wireless Bluetooth Headphones", "qty": 1, "price": "12999.00", "image": "/images/airpods.jpg"}}, {"model": "base.orderitem", "pk": 7, "fields": {"product": null, "order": null, "name": "Cannon EOS 80D DSLR Camera", "qty": 2, "price": "85000.00", "image": "/images/camera.jpg"}}, {"model": "base.orderitem", "pk": 8, "fields": {"product": null, "order": null, "name": "Logitech G-Series Gaming Mouse", "qty": 4, "price": "3499.00", "image": "/images/mouse.jpg"}}, {"model": "base.orderitem", "pk": 9, "fields": {"product": null, "order": null, "name": "Airpods Wireless Bluetooth Headphones", "qty": 1, "price": "12999.00", "image": "/images/airpods.jpg"}}, {"model": "base.orderitem", "pk": 10, "fields": {"product": null, "order": null, "name": "Cannon EOS 80D DSLR Camera", "qty": 2, "price": "85000.00", "image": "/images/camera.jpg"}}, {"model": "base.orderitem", "pk": 11, "fields": {"product": null, "order": null, "name": "Logitech G-Series Gaming Mouse", "qty": 4, "price": "3499.00", "image": "/images/mouse.jpg"}}, {"model": "base.orderitem", "pk": 12, "fields": {"product": null, "order": null, "name": "Airpods Wireless Bluetooth Headphones", "qty": 1, "price": "12999.00", "image": "/images/airpods.jpg"}}, {"model": "base.orderitem", "pk": 13, "fields": {"product": null, "order": null, "name": "Cannon EOS 80D DSLR Camera", "qty": 2, "price": "85000.00", "image": "/images/camera.jpg"}}, {"model": "base.orderitem", "pk": 14, "fields": {"product": null, "order": null, "name": "Logitech G-Series Gaming Mouse", "qty": 4, "price": "3499.00", "image": "/images/mouse.jpg"}}, {"model": "base.orderitem", "pk": 15, "fields": {"product": null, "order": null, "name": "Airpods Wireless Bluetooth Headphones", "qty": 1, "price": "12999.00", "image": "/images/airpods.jpg"}}, {"model": "base.orderitem", "pk": 16, "fields": {"product": null, "order": null, "name": "Airpods Wireless Bluetooth Headphones", "qty": 1, "price": "12999.00", "image": "/images/airpods.jpg"}}, {"model": "base.orderitem", "pk": 17, "fields": {"product": null, "order": null, "name": "Sony Playstation 4 Pro White Version", "qty": 1, "price": "29999.00", "image": "/images/playstation.jpg"}}, {"model": "base.orderitem", "pk": 18, "fields": {"product": null, "order": null, "name": "Airpods Wireless Bluetooth Headphones", "qty": 1, "price": "12999.00", "image": "/images/airpods.jpg"}}, {"model": "base.orderitem", "pk": 19, "fields": {"product": null, "order": 10, "name": "Airpods Wireless Bluetooth Headphones", "qty": 1, "price": "12999.00", "image": "/images/airpods.jpg"}}, {"model": "base.orderitem", "pk": 20, "fields": {"product": null, "order": 11, "name": "Airpods Wireless Bluetooth Headphones", "qty": 1, "price": "12999.00", "image": "/images/airpods.jpg"}}, {"model": "base.orderitem", "pk": 21, "fields": {"product": null, "order": 12, "name": "iPhone 11 Pro 256GB Memory", "qty": 4, "price": "90000.00", "image": "/images/phone.jpg"}}, {"model": "base.orderitem", "pk": 22, "fields": {"product": null, "order": 13, "name": "iPhone 11 Pro 256GB Memory", "qty": 2, "price": "90000.00", "image": "/images/phone.jpg"}}, {"model": "base.orderitem", "pk": 23, "fields": {"product": null, "order": 14, "name": "Airpods Wireless Bluetooth Headphones", "qty": 2, "price": "12999.00", "image": "/images/airpods.jpg"}}, {"model": "base.orderitem", "pk": 24, "fields": {"product": 26, "order": 15, "name": "Dragon Ball Super - Son Goku & Vegeta Figure", "qty": 1, "price": "3599.00", "image": "/media/images/goku_veg_figure_QlqybCK.jpg"}}, {"model": "base.orderitem", "pk": 25, "fields": {"product": 26, "order": 16, "name": "Dragon Ball Super - Son Goku & Vegeta Figure", "qty": 1, "price": "3599.00", "image": "/media/images/goku_veg_figure_QlqybCK.jpg"}}, {"model": "base.shippingaddress", "pk": 10, "fields": {"order": 10, "address": "Patna", "city": "Patna", "postalCode": "811311", "country": "India", "shippingPrice": null}}, {"model": "base.shippingaddress", "pk": 11, "fields": {"order": 11, "address": "22-B Baker Street", "city": "New York", "postalCode": "1001", "country": "USA", "shippingPrice": null}}, {"model": "base.shippingaddress", "pk": 12, "fields": {"order": 12, "address": "LKR", "city": "LKR", "postalCode": "811311", "country": "IN", "shippingPrice": null}}, {"model": "base.shippingaddress", "pk": 13, "fields": {"order": 13, "address": "India", "city": "Patna", "postalCode": "800000", "country": "India", "shippingPrice": null}}, {"model": "base.shippingaddress", "pk": 14, "fields": {"order": 14, "address": "Patna", "city": "Patna", "postalCode": "811311", "country": "India", "shippingPrice": null}}, {"model": "base.shippingaddress", "pk": 15, "fields": {"order": 15, "address": "LKR", "city": "LKr", "postalCode": "811111", "country": "IN", "shippingPrice": null}}, {"model": "base.shippingaddress", "pk": 16, "fields": {"order": 16, "address": "IN", "city": "In", "postalCode": "In", "country": "in", "shippingPrice": null}}, {"model": "admin.logentry", "pk": 1, "fields": {"action_time": "2021-08-13T09:46:20.374Z", "user": ["kritebhlaganbibhakar@gmail.com"], "content_type": ["auth", "user"], "object_id": "1", "object_repr": "root", "action_flag": 3, "change_message": ""}}, {"model": "admin.logentry", "pk": 2, "fields": {"action_time": "2021-08-13T09:51:55.257Z", "user": ["kritebhlaganbibhakar@gmail.com"], "content_type": ["base", "product"], "object_id": "1", "object_repr": "Product object (1)", "action_flag": 1, "change_message": "[{\"added\": {}}]"}}, {"model": "admin.logentry", "pk": 3, "fields": {"action_time": "2021-08-13T10:16:23.130Z", "user": ["kritebhlaganbibhakar@gmail.com"], "content_type": ["base", "product"], "object_id": "1", "object_repr": "Airpods Wireless Bluetooth Headphones | Apple | 12999.00", "action_flag": 2, "change_message": "[{\"changed\": {\"fields\": [\"Image\"]}}]"}}, {"model": "admin.logentry", "pk": 4, "fields": {"action_time": "2021-08-13T10:33:36.271Z", "user": ["kritebhlaganbibhakar@gmail.com"], "content_type": ["base", "product"], "object_id": "2", "object_repr": "iPhone 11 Pro 256GB Memory | Apple | 90000", "action_flag": 1, "change_message": "[{\"added\": {}}]"}}, {"model": "admin.logentry", "pk": 5, "fields": {"action_time": "2021-08-13T10:34:42.636Z", "user": ["kritebhlaganbibhakar@gmail.com"], "content_type": ["base", "product"], "object_id": "3", "object_repr": "Cannon EOS 80D DSLR Camera | Canon | 85000", "action_flag": 1, "change_message": "[{\"added\": {}}]"}}, {"model": "admin.logentry", "pk": 6, "fields": {"action_time": "2021-08-13T10:35:51.749Z", "user": ["kritebhlaganbibhakar@gmail.com"], "content_type": ["base", "product"], "object_id": "4", "object_repr": "Sony Playstation 4 Pro White Version | Sony | 29999", "action_flag": 1, "change_message": "[{\"added\": {}}]"}}, {"model": "admin.logentry", "pk": 7, "fields": {"action_time": "2021-08-13T10:36:49.331Z", "user": ["kritebhlaganbibhakar@gmail.com"], "content_type": ["base", "product"], "object_id": "5", "object_repr": "Logitech G-Series Gaming Mouse | Logitech | 3499", "action_flag": 1, "change_message": "[{\"added\": {}}]"}}, {"model": "admin.logentry", "pk": 8, "fields": {"action_time": "2021-08-13T10:37:40.649Z", "user": ["kritebhlaganbibhakar@gmail.com"], "content_type": ["base", "product"], "object_id": "6", "object_repr": "Amazon Echo Dot 3rd Generation | Amazon | 2999", "action_flag": 1, "change_message": "[{\"added\": {}}]"}}, {"model": "admin.logentry", "pk": 9, "fields": {"action_time": "2021-08-15T07:42:38.938Z", "user": ["kritebhlaganbibhakar@gmail.com"], "content_type": ["auth", "user"], "object_id": "2", "object_repr": "kritebh", "action_flag": 2, "change_message": "[{\"changed\": {\"fields\": [\"Email address\"]}}]"}}, {"model": "admin.logentry", "pk": 10, "fields": {"action_time": "2021-08-16T10:38:24.257Z", "user": ["kritebhlaganbibhakar@gmail.com"], "content_type": ["auth", "user"], "object_id": "3", "object_repr": "harsh", "action_flag": 2, "change_message": "[{\"changed\": {\"fields\": [\"First name\", \"Last name\"]}}]"}}, {"model": "admin.logentry", "pk": 11, "fields": {"action_time": "2021-08-16T10:39:47.337Z", "user": ["kritebhlaganbibhakar@gmail.com"], "content_type": ["auth", "user"], "object_id": "3", "object_repr": "harsh", "action_flag": 2, "change_message": "[{\"changed\": {\"fields\": [\"Email address\"]}}]"}}, {"model": "admin.logentry", "pk": 12, "fields": {"action_time": "2021-08-16T11:07:50.776Z", "user": ["kritebhlaganbibhakar@gmail.com"], "content_type": ["auth", "user"], "object_id": "4", "object_repr": "john@email.com", "action_flag": 2, "change_message": "[{\"changed\": {\"fields\": [\"Email address\"]}}]"}}, {"model": "admin.logentry", "pk": 13, "fields": {"action_time": "2021-08-16T11:09:53.691Z", "user": ["kritebhlaganbibhakar@gmail.com"], "content_type": ["auth", "user"], "object_id": "3", "object_repr": "harsh.nishant.supersta@gmail.com", "action_flag": 2, "change_message": "[{\"changed\": {\"fields\": [\"Email address\"]}}]"}}, {"model": "admin.logentry", "pk": 14, "fields": {"action_time": "2021-08-16T11:09:59.402Z", "user": ["kritebhlaganbibhakar@gmail.com"], "content_type": ["auth", "user"], "object_id": "3", "object_repr": "harsh.nishant.superstar@gmail.com", "action_flag": 2, "change_message": "[{\"changed\": {\"fields\": [\"Email address\"]}}]"}}, {"model": "admin.logentry", "pk": 15, "fields": {"action_time": "2021-08-16T11:10:21.636Z", "user": ["kritebhlaganbibhakar@gmail.com"], "content_type": ["auth", "user"], "object_id": "2", "object_repr": "kritebhlaganbibhaka@gmail.com", "action_flag": 2, "change_message": "[{\"changed\": {\"fields\": [\"Email address\"]}}]"}}, {"model": "admin.logentry", "pk": 16, "fields": {"action_time": "2021-08-16T11:10:27.791Z", "user": ["kritebhlaganbibhakar@gmail.com"], "content_type": ["auth", "user"], "object_id": "2", "object_repr": "kritebhlaganbibhakar@gmail.com", "action_flag": 2, "change_message": "[{\"changed\": {\"fields\": [\"Email address\"]}}]"}}, {"model": "admin.logentry", "pk": 17, "fields": {"action_time": "2021-08-20T11:12:08.635Z", "user": ["kritebhlaganbibhakar@gmail.com"], "content_type": ["base", "order"], "object_id": "1", "object_repr": "None", "action_flag": 1, "change_message": "[{\"added\": {}}]"}}, {"model": "admin.logentry", "pk": 18, "fields": {"action_time": "2021-08-20T11:12:15.063Z", "user": ["kritebhlaganbibhakar@gmail.com"], "content_type": ["base", "order"], "object_id": "1", "object_repr": "None", "action_flag": 3, "change_message": ""}}, {"model": "admin.logentry", "pk": 19, "fields": {"action_time": "2021-08-25T17:04:29.049Z", "user": ["harsh.nishant.superstar@gmail.com"], "content_type": ["base", "order"], "object_id": "6", "object_repr": "None", "action_flag": 2, "change_message": "[{\"changed\": {\"fields\": [\"IsPaid\", \"PaidAt\", \"IsDeliver\", \"DeliveredAt\"]}}]"}}, {"model": "admin.logentry", "pk": 20, "fields": {"action_time": "2021-08-26T05:06:22.024Z", "user": ["harsh.nishant.superstar@gmail.com"], "content_type": ["auth", "user"], "object_id": "3", "object_repr": "harsh.nishant.superstar@gmail.com", "action_flag": 2, "change_message": "[{\"changed\": {\"fields\": [\"Username\", \"First name\", \"Last name\"]}}]"}}, {"model": "admin.logentry", "pk": 21, "fields": {"action_time": "2021-08-28T11:48:52.987Z", "user": ["kritebhlaganbibhakar@gmail.com"], "content_type": ["base", "order"], "object_id": "9", "object_repr": "None", "action_flag": 3, "change_message": ""}}, {"model": "admin.logentry", "pk": 22, "fields": {"action_time": "2021-08-28T11:48:52.997Z", "user": ["kritebhlaganbibhakar@gmail.com"], "content_type": ["base", "order"], "object_id": "8", "object_repr": "None", "action_flag": 3, "change_message": ""}}, {"model": "admin.logentry", "pk": 23, "fields": {"action_time": "2021-08-28T11:48:53.005Z", "user": ["kritebhlaganbibhakar@gmail.com"], "content_type": ["base", "order"], "object_id": "7", "object_repr": "None", "action_flag": 3, "change_message": ""}}, {"model": "admin.logentry", "pk": 24, "fields": {"action_time": "2021-08-28T11:48:53.013Z", "user": ["kritebhlaganbibhakar@gmail.com"], "content_type": ["base", "order"], "object_id": "6", "object_repr": "None", "action_flag": 3, "change_message": ""}}, {"model": "admin.logentry", "pk": 25, "fields": {"action_time": "2021-08-28T11:48:53.021Z", "user": ["kritebhlaganbibhakar@gmail.com"], "content_type": ["base", "order"], "object_id": "5", "object_repr": "None", "action_flag": 3, "change_message": ""}}, {"model": "admin.logentry", "pk": 26, "fields": {"action_time": "2021-08-28T11:48:53.028Z", "user": ["kritebhlaganbibhakar@gmail.com"], "content_type": ["base", "order"], "object_id": "4", "object_repr": "None", "action_flag": 3, "change_message": ""}}, {"model": "admin.logentry", "pk": 27, "fields": {"action_time": "2021-08-28T11:48:53.037Z", "user": ["kritebhlaganbibhakar@gmail.com"], "content_type": ["base", "order"], "object_id": "3", "object_repr": "None", "action_flag": 3, "change_message": ""}}, {"model": "admin.logentry", "pk": 28, "fields": {"action_time": "2021-08-28T11:48:53.046Z", "user": ["kritebhlaganbibhakar@gmail.com"], "content_type": ["base", "order"], "object_id": "2", "object_repr": "None", "action_flag": 3, "change_message": ""}}, {"model": "admin.logentry", "pk": 29, "fields": {"action_time": "2021-08-28T11:48:53.054Z", "user": ["kritebhlaganbibhakar@gmail.com"], "content_type": ["base", "order"], "object_id": "1", "object_repr": "None", "action_flag": 3, "change_message": ""}}, {"model": "admin.logentry", "pk": 30, "fields": {"action_time": "2021-08-28T12:30:02.842Z", "user": ["kritebhlaganbibhakar@gmail.com"], "content_type": ["base", "order"], "object_id": "10", "object_repr": "2021-08-28 11:49:27.118727+00:00", "action_flag": 2, "change_message": "[]"}}, {"model": "admin.logentry", "pk": 31, "fields": {"action_time": "2021-09-03T12:40:13.493Z", "user": ["kritebhlaganbibhakar@gmail.com"], "content_type": ["base", "order"], "object_id": "10", "object_repr": "2021-08-28 11:49:27.118727+00:00", "action_flag": 2, "change_message": "[{\"changed\": {\"fields\": [\"IsDeliver\"]}}]"}}, {"model": "admin.logentry", "pk": 32, "fields": {"action_time": "2021-09-03T12:40:32.870Z", "user": ["kritebhlaganbibhakar@gmail.com"], "content_type": ["base", "order"], "object_id": "10", "object_repr": "2021-08-28 11:49:27.118727+00:00", "action_flag": 2, "change_message": "[{\"changed\": {\"fields\": [\"DeliveredAt\"]}}]"}}, {"model": "admin.logentry", "pk": 33, "fields": {"action_time": "2021-09-03T12:41:00.376Z", "user": ["kritebhlaganbibhakar@gmail.com"], "content_type": ["base", "order"], "object_id": "11", "object_repr": "2021-09-03 04:54:32.669053+00:00", "action_flag": 2, "change_message": "[{\"changed\": {\"fields\": [\"IsPaid\", \"PaidAt\"]}}]"}}, {"model": "admin.logentry", "pk": 34, "fields": {"action_time": "2021-09-05T15:39:20.010Z", "user": ["kritebhlaganbibhakar@gmail.com"], "content_type": ["base", "product"], "object_id": "7", "object_repr": "Dummy Product | Passion Fruit | 10", "action_flag": 1, "change_message": "[{\"added\": {}}]"}}, {"model": "admin.logentry", "pk": 35, "fields": {"action_time": "2021-09-05T16:27:41.120Z", "user": ["kritebhlaganbibhakar@gmail.com"], "content_type": ["base", "product"], "object_id": "7", "object_repr": "Demo | demo | None", "action_flag": 1, "change_message": "[{\"added\": {}}]"}}, {"model": "admin.logentry", "pk": 36, "fields": {"action_time": "2021-09-05T16:37:50.324Z", "user": ["kritebhlaganbibhakar@gmail.com"], "content_type": ["base", "product"], "object_id": "2", "object_repr": "iPhone 11 Pro 256GB Memory | Apple | 90000.00", "action_flag": 2, "change_message": "[{\"changed\": {\"fields\": [\"CountInStock\"]}}]"}}, {"model": "admin.logentry", "pk": 37, "fields": {"action_time": "2021-09-06T18:23:46.586Z", "user": ["harsh.nishant.superstar@gmail.com"], "content_type": ["base", "product"], "object_id": "10", "object_repr": "test | aaa | 100000000", "action_flag": 1, "change_message": "[{\"added\": {}}]"}}, {"model": "admin.logentry", "pk": 38, "fields": {"action_time": "2021-09-09T08:11:28.193Z", "user": ["kritebhlaganbibhakar@gmail.com"], "content_type": ["base", "review"], "object_id": "1", "object_repr": "3", "action_flag": 2, "change_message": "[]"}}, {"model": "admin.logentry", "pk": 39, "fields": {"action_time": "2021-09-11T11:30:14.650Z", "user": ["kritebhlaganbibhakar@gmail.com"], "content_type": ["base", "product"], "object_id": "6", "object_repr": "Amazon Echo Dot 3rd Generation | Amazon | 2999.00", "action_flag": 2, "change_message": "[{\"changed\": {\"fields\": [\"Image\"]}}]"}}, {"model": "admin.logentry", "pk": 40, "fields": {"action_time": "2021-09-12T07:13:20.710Z", "user": ["kritebhlaganbibhakar@gmail.com"], "content_type": ["base", "product"], "object_id": "7", "object_repr": "Test | Teat | 234", "action_flag": 1, "change_message": "[{\"added\": {}}]"}}, {"model": "admin.logentry", "pk": 41, "fields": {"action_time": "2021-09-12T07:24:04.045Z", "user": ["kritebhlaganbibhakar@gmail.com"], "content_type": ["base", "product"], "object_id": "7", "object_repr": "Test | Teat | 234.00", "action_flag": 3, "change_message": ""}}, {"model": "admin.logentry", "pk": 42, "fields": {"action_time": "2021-09-12T07:24:04.051Z", "user": ["kritebhlaganbibhakar@gmail.com"], "content_type": ["base", "product"], "object_id": "6", "object_repr": "Amazon Echo Dot 3rd Generation | Amazon | 2999.00", "action_flag": 3, "change_message": ""}}, {"model": "admin.logentry", "pk": 43, "fields": {"action_time": "2021-09-12T07:24:04.061Z", "user": ["kritebhlaganbibhakar@gmail.com"], "content_type": ["base", "product"], "object_id": "5", "object_repr": "Logitech G-Series Gaming Mouse | Logitech | 3499.00", "action_flag": 3, "change_message": ""}}, {"model": "admin.logentry", "pk": 44, "fields": {"action_time": "2021-09-12T07:24:04.070Z", "user": ["kritebhlaganbibhakar@gmail.com"], "content_type": ["base", "product"], "object_id": "4", "object_repr": "Sony Playstation 4 Pro White Version | Sony | 29999.00", "action_flag": 3, "change_message": ""}}, {"model": "admin.logentry", "pk": 45, "fields": {"action_time": "2021-09-12T07:24:04.078Z", "user": ["kritebhlaganbibhakar@gmail.com"], "content_type": ["base", "product"], "object_id": "3", "object_repr": "Cannon EOS 80D DSLR Camera | Canon | 85000.00", "action_flag": 3, "change_message": ""}}, {"model": "admin.logentry", "pk": 46, "fields": {"action_time": "2021-09-12T07:24:04.086Z", "user": ["kritebhlaganbibhakar@gmail.com"], "content_type": ["base", "product"], "object_id": "2", "object_repr": "iPhone 11 Pro 256GB Memory | Apple | 90000.00", "action_flag": 3, "change_message": ""}}, {"model": "admin.logentry", "pk": 47, "fields": {"action_time": "2021-09-12T07:24:04.095Z", "user": ["kritebhlaganbibhakar@gmail.com"], "content_type": ["base", "product"], "object_id": "1", "object_repr": "Airpods Wireless Bluetooth Headphones | Apple | 12999.00", "action_flag": 3, "change_message": ""}}, {"model": "admin.logentry", "pk": 48, "fields": {"action_time": "2021-09-12T07:24:32.821Z", "user": ["kritebhlaganbibhakar@gmail.com"], "content_type": ["base", "product"], "object_id": "8", "object_repr": "Test | Apple | 12312", "action_flag": 1, "change_message": "[{\"added\": {}}]"}}, {"model": "admin.logentry", "pk": 49, "fields": {"action_time": "2021-09-12T07:30:27.638Z", "user": ["kritebhlaganbibhakar@gmail.com"], "content_type": ["base", "product"], "object_id": "8", "object_repr": "Test | Apple | 12312.00", "action_flag": 2, "change_message": "[]"}}, {"model": "admin.logentry", "pk": 50, "fields": {"action_time": "2021-09-12T07:30:47.032Z", "user": ["kritebhlaganbibhakar@gmail.com"], "content_type": ["base", "product"], "object_id": "9", "object_repr": "Camera | canon | 54235", "action_flag": 1, "change_message": "[{\"added\": {}}]"}}, {"model": "admin.logentry", "pk": 51, "fields": {"action_time": "2021-09-12T07:34:21.327Z", "user": ["kritebhlaganbibhakar@gmail.com"], "content_type": ["base", "product"], "object_id": "10", "object_repr": " Product Name  | Sample brand  | 0.00", "action_flag": 3, "change_message": ""}}, {"model": "admin.logentry", "pk": 52, "fields": {"action_time": "2024-06-12T22:33:52.284Z", "user": ["skudsi490@gmail.com"], "content_type": ["base", "product"], "object_id": "26", "object_repr": "iPhone 15 Pro | Dragon Ball | 3599.00", "action_flag": 2, "change_message": "[{\"changed\": {\"fields\": [\"User\", \"Name\", \"Image\", \"Description\"]}}]"}}, {"model": "admin.logentry", "pk": 53, "fields": {"action_time": "2024-06-12T22:36:50.259Z", "user": ["skudsi490@gmail.com"], "content_type": ["base", "product"], "object_id": "26", "object_repr": "iPhone 15 Pro | APPLE | 3599.00", "action_flag": 2, "change_message": "[{\"changed\": {\"fields\": [\"Brand\", \"Category\", \"Description\"]}}]"}}, {"model": "admin.logentry", "pk": 54, "fields": {"action_time": "2024-06-12T22:40:48.562Z", "user": ["skudsi490@gmail.com"], "content_type": ["base", "product"], "object_id": "26", "object_repr": "iPhone 15 Pro | APPLE | 3599.00", "action_flag": 2, "change_message": "[{\"changed\": {\"fields\": [\"Description\"]}}]"}}, {"model": "admin.logentry", "pk": 55, "fields": {"action_time": "2024-06-12T22:44:10.262Z", "user": ["skudsi490@gmail.com"], "content_type": ["base", "product"], "object_id": "26", "object_repr": "iPhone 15 Pro | APPLE | 3599.00", "action_flag": 2, "change_message": "[{\"changed\": {\"fields\": [\"Description\"]}}]"}}, {"model": "admin.logentry", "pk": 56, "fields": {"action_time": "2024-06-12T23:16:27.004Z", "user": ["skudsi490@gmail.com"], "content_type": ["base", "product"], "object_id": "25", "object_repr": "Demon Slayer - 300 Piece Tanjiro And Nezuko Ensky Puzzle | APPLE | 500.00", "action_flag": 2, "change_message": "[{\"changed\": {\"fields\": [\"User\", \"Image\", \"Brand\", \"Description\", \"Price\"]}}]"}}, {"model": "admin.logentry", "pk": 57, "fields": {"action_time": "2024-06-12T23:16:55.978Z", "user": ["skudsi490@gmail.com"], "content_type": ["base", "product"], "object_id": "25", "object_repr": "AirPods (2nd generation) | APPLE | 500.00", "action_flag": 2, "change_message": "[{\"changed\": {\"fields\": [\"Name\"]}}]"}}, {"model": "admin.logentry", "pk": 58, "fields": {"action_time": "2024-06-12T23:18:16.884Z", "user": ["skudsi490@gmail.com"], "content_type": ["base", "product"], "object_id": "24", "object_repr": "Canon EOS 80D | Canon | 2499.00", "action_flag": 2, "change_message": "[{\"changed\": {\"fields\": [\"User\", \"Name\", \"Brand\", \"Category\", \"Description\"]}}]"}}, {"model": "admin.logentry", "pk": 59, "fields": {"action_time": "2024-06-12T23:19:53.892Z", "user": ["skudsi490@gmail.com"], "content_type": ["base", "product"], "object_id": "23", "object_repr": "alexa | Amazon | 300.00", "action_flag": 2, "change_message": "[{\"changed\": {\"fields\": [\"User\", \"Name\", \"Image\", \"Brand\", \"Category\", \"Description\", \"Price\"]}}]"}}, {"model": "admin.logentry", "pk": 60, "fields": {"action_time": "2024-06-12T23:20:13.585Z", "user": ["skudsi490@gmail.com"], "content_type": ["base", "product"], "object_id": "23", "object_repr": "Alexa | Amazon | 300.00", "action_flag": 2, "change_message": "[{\"changed\": {\"fields\": [\"Name\"]}}]"}}, {"model": "admin.logentry", "pk": 61, "fields": {"action_time": "2024-06-12T23:22:03.467Z", "user": ["skudsi490@gmail.com"], "content_type": ["base", "product"], "object_id": "22", "object_repr": "G PRO X Superlight Wireless Gaming Mouse | Logitech | 200.00", "action_flag": 2, "change_message": "[{\"changed\": {\"fields\": [\"User\", \"Name\", \"Image\", \"Brand\", \"Category\", \"Description\", \"Price\"]}}]"}}, {"model": "admin.logentry", "pk": 62, "fields": {"action_time": "2024-06-12T23:23:49.861Z", "user": ["skudsi490@gmail.com"], "content_type": ["base", "product"], "object_id": "21", "object_repr": "PlayStation 5 | Sony | 1499.00", "action_flag": 2, "change_message": "[{\"changed\": {\"fields\": [\"User\", \"Name\", \"Brand\", \"Category\", \"Description\"]}}]"}}, {"model": "admin.logentry", "pk": 63, "fields": {"action_time": "2024-06-12T23:25:47.979Z", "user": ["skudsi490@gmail.com"], "content_type": ["base", "product"], "object_id": "20", "object_repr": "DJI Mini 4K, Drone with 4K UHD Camera | DJI | 1499.00", "action_flag": 2, "change_message": "[{\"changed\": {\"fields\": [\"User\", \"Name\", \"Image\", \"Brand\", \"Category\", \"Description\"]}}]"}}, {"model": "admin.logentry", "pk": 64, "fields": {"action_time": "2024-06-12T23:27:04.517Z", "user": ["skudsi490@gmail.com"], "content_type": ["base", "product"], "object_id": "19", "object_repr": "Attack On Titan - Mikasa Battle Long Sleeve | Attack on Titan | 1999.00", "action_flag": 2, "change_message": "[{\"changed\": {\"fields\": [\"Description\"]}}]"}}, {"model": "admin.logentry", "pk": 65, "fields": {"action_time": "2024-06-12T23:27:40.992Z", "user": ["skudsi490@gmail.com"], "content_type": ["base", "product"], "object_id": "20", "object_repr": "DJI Mini 4K, Drone with 4K UHD Camera | DJI | 1499.00", "action_flag": 2, "change_message": "[{\"changed\": {\"fields\": [\"Description\"]}}]"}}, {"model": "admin.logentry", "pk": 66, "fields": {"action_time": "2024-06-12T23:30:40.823Z", "user": ["skudsi490@gmail.com"], "content_type": ["base", "product"], "object_id": "19", "object_repr": "ASUS ROG Strix G16 (2024) Gaming Laptop | ASUS | 1300.00", "action_flag": 2, "change_message": "[{\"changed\": {\"fields\": [\"User\", \"Name\", \"Image\", \"Brand\", \"Category\", \"Description\", \"Rating\", \"Price\"]}}]"}}, {"model": "admin.logentry", "pk": 67, "fields": {"action_time": "2024-06-12T23:32:18.683Z", "user": ["skudsi490@gmail.com"], "content_type": ["base", "product"], "object_id": "18", "object_repr": "Samsung Galaxy Tab S9 FE Wi-Fi 10.9” 128GB Android Tablet | Samsung | 499.00", "action_flag": 2, "change_message": "[{\"changed\": {\"fields\": [\"User\", \"Name\", \"Image\", \"Brand\", \"Category\", \"Description\", \"Price\"]}}]"}}, {"model": "admin.logentry", "pk": 68, "fields": {"action_time": "2024-06-12T23:38:22.723Z", "user": ["skudsi490@gmail.com"], "content_type": ["base", "product"], "object_id": "17", "object_repr": "LG OLED42C47LA TV 42 Inch | LG | 1698.00", "action_flag": 2, "change_message": "[{\"changed\": {\"fields\": [\"User\", \"Name\", \"Image\", \"Brand\", \"Category\", \"Description\", \"Price\"]}}]"}}, {"model": "admin.logentry", "pk": 69, "fields": {"action_time": "2024-06-12T23:41:16.352Z", "user": ["skudsi490@gmail.com"], "content_type": ["base", "product"], "object_id": "16", "object_repr": "Beamer 4K Supports Full HD 1080P | Beamer | 259.00", "action_flag": 2, "change_message": "[{\"changed\": {\"fields\": [\"Name\", \"Brand\", \"Category\", \"Description\", \"Price\"]}}]"}}, {"model": "admin.logentry", "pk": 70, "fields": {"action_time": "2024-06-12T23:42:52.088Z", "user": ["skudsi490@gmail.com"], "content_type": ["base", "product"], "object_id": "15", "object_repr": "Sonos Arc Soundbar | Jujutsu Kaisen | 3999.00", "action_flag": 2, "change_message": "[{\"changed\": {\"fields\": [\"User\", \"Name\", \"Image\", \"Description\"]}}]"}}, {"model": "admin.logentry", "pk": 71, "fields": {"action_time": "2024-06-12T23:43:08.476Z", "user": ["skudsi490@gmail.com"], "content_type": ["base", "product"], "object_id": "15", "object_repr": "Sonos Arc Soundbar | Jujutsu Kaisen | 705.00", "action_flag": 2, "change_message": "[{\"changed\": {\"fields\": [\"Price\"]}}]"}}, {"model": "admin.logentry", "pk": 72, "fields": {"action_time": "2024-06-12T23:46:20.963Z", "user": ["skudsi490@gmail.com"], "content_type": ["base", "product"], "object_id": "14", "object_repr": "INIU Magsafe Power Bank, 10000mAh 20W Magnetic External Battery | INIU | 22.00", "action_flag": 2, "change_message": "[{\"changed\": {\"fields\": [\"Name\", \"Brand\", \"Category\", \"Description\", \"Price\"]}}]"}}, {"model": "admin.logentry", "pk": 73, "fields": {"action_time": "2024-06-12T23:46:40.640Z", "user": ["skudsi490@gmail.com"], "content_type": ["base", "product"], "object_id": "13", "object_repr": "Attack On Titan - Levi Ackerman Figure | Attack on Titan | 5999.00", "action_flag": 2, "change_message": "[{\"changed\": {\"fields\": [\"Description\"]}}]"}}, {"model": "admin.logentry", "pk": 74, "fields": {"action_time": "2024-06-12T23:47:01.405Z", "user": ["skudsi490@gmail.com"], "content_type": ["base", "product"], "object_id": "15", "object_repr": "Sonos Arc Soundbar | Sonos | 705.00", "action_flag": 2, "change_message": "[{\"changed\": {\"fields\": [\"Brand\"]}}]"}}, {"model": "admin.logentry", "pk": 75, "fields": {"action_time": "2024-06-12T23:47:04.824Z", "user": ["skudsi490@gmail.com"], "content_type": ["base", "product"], "object_id": "18", "object_repr": "Samsung Galaxy Tab S9 FE Wi-Fi 10.9” 128GB Android Tablet | Samsung | 499.00", "action_flag": 2, "change_message": "[]"}}, {"model": "admin.logentry", "pk": 76, "fields": {"action_time": "2024-06-12T23:47:09.752Z", "user": ["skudsi490@gmail.com"], "content_type": ["base", "product"], "object_id": "17", "object_repr": "LG OLED42C47LA TV 42 Inch | LG | 1698.00", "action_flag": 2, "change_message": "[]"}}, {"model": "admin.logentry", "pk": 77, "fields": {"action_time": "2024-06-12T23:47:13.155Z", "user": ["skudsi490@gmail.com"], "content_type": ["base", "product"], "object_id": "17", "object_repr": "LG OLED42C47LA TV 42 Inch | LG | 1698.00", "action_flag": 2, "change_message": "[]"}}, {"model": "admin.logentry", "pk": 78, "fields": {"action_time": "2024-06-12T23:47:18.059Z", "user": ["skudsi490@gmail.com"], "content_type": ["base", "product"], "object_id": "15", "object_repr": "Sonos Arc Soundbar | Sonos | 705.00", "action_flag": 2, "change_message": "[{\"changed\": {\"fields\": [\"Category\"]}}]"}}, {"model": "admin.logentry", "pk": 79, "fields": {"action_time": "2024-06-12T23:47:27.402Z", "user": ["skudsi490@gmail.com"], "content_type": ["base", "product"], "object_id": "14", "object_repr": "INIU Magsafe Power Bank, 10000mAh 20W Magnetic External Battery | INIU | 22.00", "action_flag": 2, "change_message": "[]"}}, {"model": "admin.logentry", "pk": 80, "fields": {"action_time": "2024-06-12T23:47:33.906Z", "user": ["skudsi490@gmail.com"], "content_type": ["base", "product"], "object_id": "16", "object_repr": "Beamer 4K Supports Full HD 1080P | Beamer | 259.00", "action_flag": 2, "change_message": "[]"}}, {"model": "admin.logentry", "pk": 81, "fields": {"action_time": "2024-06-12T23:47:54.884Z", "user": ["skudsi490@gmail.com"], "content_type": ["base", "product"], "object_id": "14", "object_repr": "INIU Magsafe Power Bank, 10000mAh 20W Magnetic External Battery | INIU | 22.00", "action_flag": 2, "change_message": "[{\"changed\": {\"fields\": [\"Image\"]}}]"}}, {"model": "admin.logentry", "pk": 82, "fields": {"action_time": "2024-06-12T23:50:00.640Z", "user": ["skudsi490@gmail.com"], "content_type": ["base", "product"], "object_id": "13", "object_repr": "Soundcore Boom 2 Plus outdoor speaker | Soundcore | 199.00", "action_flag": 2, "change_message": "[{\"changed\": {\"fields\": [\"User\", \"Name\", \"Image\", \"Brand\", \"Description\", \"Price\"]}}]"}}, {"model": "admin.logentry", "pk": 83, "fields": {"action_time": "2024-06-12T23:51:35.292Z", "user": ["skudsi490@gmail.com"], "content_type": ["base", "product"], "object_id": "12", "object_repr": "Kuizil Smartwatch Men Women with Phone Function | Kuizil | 49.00", "action_flag": 2, "change_message": "[{\"changed\": {\"fields\": [\"Name\", \"Brand\", \"Category\", \"Description\", \"Price\"]}}]"}}, {"model": "admin.logentry", "pk": 84, "fields": {"action_time": "2024-06-12T23:53:05.059Z", "user": ["skudsi490@gmail.com"], "content_type": ["base", "product"], "object_id": "11", "object_repr": "NANSLS Bluetooth Headset | NANSLS | 21.00", "action_flag": 2, "change_message": "[{\"changed\": {\"fields\": [\"User\", \"Name\", \"Image\", \"Brand\", \"Category\", \"Description\", \"Price\"]}}]"}}, {"model": "admin.logentry", "pk": 85, "fields": {"action_time": "2024-06-12T23:53:25.256Z", "user": ["skudsi490@gmail.com"], "content_type": ["base", "product"], "object_id": "16", "object_repr": "Beamer 4K Supports Full HD 1080P | Beamer | 259.00", "action_flag": 2, "change_message": "[{\"changed\": {\"fields\": [\"Image\"]}}]"}}, {"model": "admin.logentry", "pk": 86, "fields": {"action_time": "2024-06-12T23:53:48.437Z", "user": ["skudsi490@gmail.com"], "content_type": ["base", "product"], "object_id": "24", "object_repr": "Canon EOS 80D | Canon | 2499.00", "action_flag": 2, "change_message": "[{\"changed\": {\"fields\": [\"Image\"]}}]"}}, {"model": "admin.logentry", "pk": 87, "fields": {"action_time": "2024-06-12T23:54:15.625Z", "user": ["skudsi490@gmail.com"], "content_type": ["base", "product"], "object_id": "21", "object_repr": "PlayStation 5 | Sony | 1499.00", "action_flag": 2, "change_message": "[{\"changed\": {\"fields\": [\"Image\"]}}]"}}, {"model": "admin.logentry", "pk": 88, "fields": {"action_time": "2024-06-12T23:54:32.644Z", "user": ["skudsi490@gmail.com"], "content_type": ["base", "product"], "object_id": "12", "object_repr": "Kuizil Smartwatch Men Women with Phone Function | Kuizil | 49.00", "action_flag": 2, "change_message": "[{\"changed\": {\"fields\": [\"Image\"]}}]"}}]